{"cameraMode":{"drawMode":0,"name":"Shaded","section":"Shading Mode"},"sceneLighting":false,"audioPlay":false,"sceneViewState":{"showFog":true,"showMaterialUpdate":false,"showSkybox":false,"showFlares":true,"showImageEffects":true,"showParticleSystems":true},"in2DMode":false,"pivot":{"x":-0.19959108531475068,"y":0.0002825632691383362,"z":-0.000032772310078144073},"rotation":{"x":0.09575086086988449,"y":-0.672943651676178,"z":0.08820874243974686,"w":0.7287561297416687},"size":0.1795089691877365,"orthographic":false}