{"cameraMode":{"drawMode":0,"name":"Shaded","section":"Shading Mode"},"sceneLighting":false,"audioPlay":false,"sceneViewState":{"showFog":true,"showMaterialUpdate":false,"showSkybox":false,"showFlares":true,"showImageEffects":true,"showParticleSystems":true},"in2DMode":false,"pivot":{"x":-0.2692953944206238,"y":-1.1176658868789673,"z":4.7281293869018559},"rotation":{"x":-0.2588401138782501,"y":-0.2036999762058258,"z":0.049129925668239596,"w":-0.943476140499115},"size":21.280351638793947,"orthographic":false}