{"cameraMode":{"drawMode":0,"name":"Shaded","section":"Shading Mode"},"sceneLighting":true,"audioPlay":false,"sceneViewState":{"showFog":true,"showMaterialUpdate":false,"showSkybox":false,"showFlares":true,"showImageEffects":true,"showParticleSystems":true},"in2DMode":false,"pivot":{"x":16.638269424438478,"y":-7.418572425842285,"z":3.9460434913635256},"rotation":{"x":-0.169135183095932,"y":-0.6076608896255493,"z":0.13451313972473145,"w":-0.7643022537231445},"size":20.005186080932618,"orthographic":false}