{"cameraMode":{"drawMode":0,"name":"Shaded","section":"Shading Mode"},"sceneLighting":false,"audioPlay":false,"sceneViewState":{"showFog":true,"showMaterialUpdate":false,"showSkybox":false,"showFlares":true,"showImageEffects":true,"showParticleSystems":true},"in2DMode":false,"pivot":{"x":224.34825134277345,"y":1.1180050373077393,"z":302.29278564453127},"rotation":{"x":0.0024891996290534736,"y":0.9657893776893616,"z":-0.25950825214385989,"w":0.00957675464451313},"size":13.2587890625,"orthographic":false}