{"cameraMode":{"drawMode":0,"name":"Shaded","section":"Shading Mode"},"sceneLighting":false,"audioPlay":false,"sceneViewState":{"showFog":true,"showMaterialUpdate":false,"showSkybox":false,"showFlares":true,"showImageEffects":true,"showParticleSystems":true},"in2DMode":false,"pivot":{"x":-16.526586532592775,"y":24.20220375061035,"z":12.846155166625977},"rotation":{"x":0.25020545721054079,"y":0.18219469487667085,"z":-0.04737739637494087,"w":0.9500796794891357},"size":22.0,"orthographic":false}