{"cameraMode":{"drawMode":0,"name":"Shaded","section":"Shading Mode"},"sceneLighting":false,"audioPlay":false,"sceneViewState":{"showFog":true,"showMaterialUpdate":false,"showSkybox":false,"showFlares":true,"showImageEffects":true,"showParticleSystems":true},"in2DMode":false,"pivot":{"x":-0.034392040222883227,"y":-1.0909322500228882,"z":0.2872229516506195},"rotation":{"x":0.6071790456771851,"y":0.005511609837412834,"z":-0.004178418777883053,"w":0.7945743203163147},"size":1.9800002574920655,"orthographic":false}