{"cameraMode":{"drawMode":0,"name":"Shaded","section":"Shading Mode"},"sceneLighting":false,"audioPlay":false,"sceneViewState":{"showFog":true,"showMaterialUpdate":false,"showSkybox":false,"showFlares":true,"showImageEffects":true,"showParticleSystems":true},"in2DMode":false,"pivot":{"x":0.0,"y":0.0949999988079071,"z":0.1899999976158142},"rotation":{"x":0.0813678726553917,"y":0.3074404299259186,"z":-0.02409510873258114,"w":0.9482435584068298},"size":0.2857883870601654,"orthographic":false}