{"cameraMode":{"drawMode":0,"name":"Shaded","section":"Shading Mode"},"sceneLighting":false,"audioPlay":false,"sceneViewState":{"showFog":true,"showMaterialUpdate":false,"showSkybox":false,"showFlares":true,"showImageEffects":true,"showParticleSystems":true},"in2DMode":false,"pivot":{"x":101.99327850341797,"y":2.130979061126709,"z":10.93751049041748},"rotation":{"x":-0.010621055029332638,"y":-0.507460355758667,"z":-0.0014848592691123486,"w":-0.8622190356254578},"size":18.42660903930664,"orthographic":false}