{"cameraMode":{"drawMode":0,"name":"Shaded","section":"Shading Mode"},"sceneLighting":true,"audioPlay":false,"sceneViewState":{"showFog":true,"showMaterialUpdate":false,"showSkybox":false,"showFlares":true,"showImageEffects":true,"showParticleSystems":true},"in2DMode":false,"pivot":{"x":1160.0408935546875,"y":-298.6386413574219,"z":1489.17626953125},"rotation":{"x":0.08816312998533249,"y":0.3218303918838501,"z":-0.030158910900354387,"w":0.9422616958618164},"size":2047.7008056640625,"orthographic":false}