{"cameraMode":{"drawMode":0,"name":"Shaded","section":"Shading Mode"},"sceneLighting":false,"audioPlay":false,"sceneViewState":{"showFog":true,"showMaterialUpdate":false,"showSkybox":false,"showFlares":true,"showImageEffects":true,"showParticleSystems":true},"in2DMode":false,"pivot":{"x":-0.35300102829933169,"y":-1.0949994325637818,"z":-0.024999506771564485},"rotation":{"x":0.15501879155635835,"y":0.19293764233589173,"z":-0.026618387550115587,"w":0.9690915942192078},"size":0.3896457850933075,"orthographic":false}