{"cameraMode":{"drawMode":0,"name":"Shaded","section":"Shading Mode"},"sceneLighting":false,"audioPlay":false,"sceneViewState":{"showFog":true,"showMaterialUpdate":false,"showSkybox":false,"showFlares":true,"showImageEffects":true,"showParticleSystems":true},"in2DMode":false,"pivot":{"x":1444.6202392578125,"y":135.65895080566407,"z":768.041015625},"rotation":{"x":-0.006993470713496208,"y":0.5401772856712341,"z":0.004111595451831818,"w":0.8417558670043945},"size":1456.1329345703125,"orthographic":false}