{"cameraMode":{"drawMode":0,"name":"Shaded","section":"Shading Mode"},"sceneLighting":true,"audioPlay":false,"sceneViewState":{"showFog":true,"showMaterialUpdate":false,"showSkybox":false,"showFlares":true,"showImageEffects":true,"showParticleSystems":true},"in2DMode":false,"pivot":{"x":519.1661987304688,"y":-19.424501419067384,"z":-235.81739807128907},"rotation":{"x":0.023531241342425348,"y":-0.9625718593597412,"z":0.08861435204744339,"w":0.25528261065483096},"size":2047.7008056640625,"orthographic":false}