{"cameraMode":{"drawMode":0,"name":"Shaded","section":"Shading Mode"},"sceneLighting":false,"audioPlay":false,"sceneViewState":{"showFog":true,"showMaterialUpdate":false,"showSkybox":false,"showFlares":true,"showImageEffects":true,"showParticleSystems":true},"in2DMode":false,"pivot":{"x":0.0,"y":1.28867506980896,"z":0.15223443508148194},"rotation":{"x":-0.010621055029332638,"y":-0.507460355758667,"z":-0.0014848592691123486,"w":-0.8622190356254578},"size":6.089245319366455,"orthographic":false}