{"cameraMode":{"drawMode":0,"name":"Shaded","section":"Shading Mode"},"sceneLighting":false,"audioPlay":false,"sceneViewState":{"showFog":true,"showMaterialUpdate":false,"showSkybox":false,"showFlares":true,"showImageEffects":true,"showParticleSystems":true},"in2DMode":false,"pivot":{"x":-0.0937318205833435,"y":-0.04317587614059448,"z":0.4421555697917938},"rotation":{"x":-0.2588401138782501,"y":-0.2036999762058258,"z":0.049129925668239596,"w":-0.943476140499115},"size":0.4699796438217163,"orthographic":false}