{"cameraMode":{"drawMode":0,"name":"Shaded","section":"Shading Mode"},"sceneLighting":true,"audioPlay":false,"sceneViewState":{"showFog":true,"showMaterialUpdate":false,"showSkybox":false,"showFlares":true,"showImageEffects":true,"showParticleSystems":true},"in2DMode":false,"pivot":{"x":532.5,"y":306.9664306640625,"z":1.0226445198059083},"rotation":{"x":-0.005397316534072161,"y":0.9560174942016602,"z":-0.017495352774858476,"w":-0.29294219613075259},"size":2047.7008056640625,"orthographic":false}