{"cameraMode":{"drawMode":0,"name":"Shaded","section":"Shading Mode"},"sceneLighting":false,"audioPlay":false,"sceneViewState":{"showFog":true,"showMaterialUpdate":false,"showSkybox":false,"showFlares":true,"showImageEffects":true,"showParticleSystems":true},"in2DMode":false,"pivot":{"x":0.00000286102294921875,"y":1.674250841140747,"z":0.0},"rotation":{"x":-0.02586679905653,"y":0.9718533158302307,"z":-0.12784254550933839,"w":-0.19643712043762208},"size":6.771009922027588,"orthographic":false}