{"cameraMode":{"drawMode":0,"name":"Shaded","section":"Shading Mode"},"sceneLighting":true,"audioPlay":false,"sceneViewState":{"showFog":true,"showMaterialUpdate":false,"showSkybox":false,"showFlares":true,"showImageEffects":true,"showParticleSystems":true},"in2DMode":false,"pivot":{"x":532.5,"y":306.9664306640625,"z":1.0226445198059083},"rotation":{"x":-0.1251666247844696,"y":-0.8512080907821655,"z":0.2358938604593277,"w":-0.4519364535808563},"size":2047.7008056640625,"orthographic":false}