{"cameraMode":{"drawMode":0,"name":"Shaded","section":"Shading Mode"},"sceneLighting":false,"audioPlay":false,"sceneViewState":{"showFog":true,"showMaterialUpdate":false,"showSkybox":false,"showFlares":true,"showImageEffects":true,"showParticleSystems":true},"in2DMode":false,"pivot":{"x":7.239999771118164,"y":-6.899726867675781,"z":25.4793701171875},"rotation":{"x":0.40283769369125368,"y":0.5701525807380676,"z":-0.3816263973712921,"w":0.6064202785491943},"size":15.442107200622559,"orthographic":false}