{"cameraMode":{"drawMode":0,"name":"Shaded","section":"Shading Mode"},"sceneLighting":false,"audioPlay":false,"sceneViewState":{"showFog":true,"showMaterialUpdate":false,"showSkybox":false,"showFlares":true,"showImageEffects":true,"showParticleSystems":true},"in2DMode":false,"pivot":{"x":101.98416137695313,"y":1.467674970626831,"z":0.3013601303100586},"rotation":{"x":-0.18591727316379548,"y":-0.3256016969680786,"z":0.058319348841905597,"w":-0.9257792234420776},"size":21.621349334716798,"orthographic":false}