{"cameraMode":{"drawMode":0,"name":"Shaded","section":"Shading Mode"},"sceneLighting":false,"audioPlay":false,"sceneViewState":{"showFog":true,"showMaterialUpdate":false,"showSkybox":false,"showFlares":true,"showImageEffects":true,"showParticleSystems":true},"in2DMode":false,"pivot":{"x":-0.08432925492525101,"y":-1.0953820943832398,"z":0.3486073613166809},"rotation":{"x":-0.5149996280670166,"y":-0.012534874491393566,"z":0.008309993892908097,"w":-0.8574274778366089},"size":1.9800002574920655,"orthographic":false}