{"cameraMode":{"drawMode":0,"name":"Shaded","section":"Shading Mode"},"sceneLighting":true,"audioPlay":false,"sceneViewState":{"showFog":true,"showMaterialUpdate":false,"showSkybox":false,"showFlares":true,"showImageEffects":true,"showParticleSystems":true},"in2DMode":false,"pivot":{"x":532.5,"y":306.9664306640625,"z":1.0226445198059083},"rotation":{"x":-0.21702730655670167,"y":-0.6916074752807617,"z":0.23140111565589906,"w":-0.6489579677581787},"size":2047.7008056640625,"orthographic":false}