{"cameraMode":{"drawMode":0,"name":"Shaded","section":"Shading Mode"},"sceneLighting":true,"audioPlay":false,"sceneViewState":{"showFog":true,"showMaterialUpdate":false,"showSkybox":false,"showFlares":true,"showImageEffects":true,"showParticleSystems":true},"in2DMode":false,"pivot":{"x":-0.1684436798095703,"y":0.4328806400299072,"z":1.0226445198059083},"rotation":{"x":-0.005397316534072161,"y":0.9560174942016602,"z":-0.017495352774858476,"w":-0.29294219613075259},"size":20.005186080932618,"orthographic":false}