{"cameraMode":{"drawMode":0,"name":"Shaded","section":"Shading Mode"},"sceneLighting":true,"audioPlay":false,"sceneViewState":{"showFog":true,"showMaterialUpdate":false,"showSkybox":true,"showFlares":true,"showImageEffects":true,"showParticleSystems":true},"in2DMode":false,"pivot":{"x":55.29302978515625,"y":-16.06414031982422,"z":12.957386016845704},"rotation":{"x":-0.15418627858161927,"y":0.6324160099029541,"z":-0.13038721680641175,"w":-0.7478495836257935},"size":46.49873352050781,"orthographic":false}