{"cameraMode":{"drawMode":0,"name":"Shaded","section":"Shading Mode"},"sceneLighting":true,"audioPlay":false,"sceneViewState":{"showFog":true,"showMaterialUpdate":false,"showSkybox":false,"showFlares":true,"showImageEffects":true,"showParticleSystems":true},"in2DMode":false,"pivot":{"x":0.025098085403442384,"y":0.029482126235961915,"z":0.23609623312950135},"rotation":{"x":-0.05319111421704292,"y":-0.9453662037849426,"z":0.2528250515460968,"w":-0.1991129219532013},"size":22.0,"orthographic":false}