{"cameraMode":{"drawMode":0,"name":"Shaded","section":"Shading Mode"},"sceneLighting":false,"audioPlay":false,"sceneViewState":{"showFog":true,"showMaterialUpdate":false,"showSkybox":false,"showFlares":true,"showImageEffects":true,"showParticleSystems":true},"in2DMode":false,"pivot":{"x":0.0,"y":1.28867506980896,"z":0.15223443508148194},"rotation":{"x":0.17444081604480744,"y":0.35338759422302248,"z":-0.06271684169769287,"w":0.917529284954071},"size":6.089245319366455,"orthographic":false}